,name,food type,establishment,family-friendly,price range,customer rating,address,phone number,menu,open hours,distance,dating
,The String Bean Restaurant,southern American,restaurant,yes,moderate,high,"1310 W Campbell Rd Ste 101, Richardson, TX 75080",9723853287,http://www.thestringbean.com/menu.html,"Sun-Wed 11:00-20:00, Thu-Sat 11:00-21:00",near,no
,Southern Recipes Grill,American,restaurant,no,cheap,average,"621 W Plano Pkwy #229, Plano, TX 75075",9723129800,https://www.southernrecipesgrill.site/,"Mon-Wed 7:00-15:00, Thu-Fri 7:00-21:00, Sat-Sun 8:00-21:00",more than 3 miles,no
,Apollonias Italian Kitchen,Italian,restaurant,no,cheap,average,"3610 Shire Blvd Suite 108, Richardson, TX 75082",4692090500,https://apolloniasitaliankitchen.com/richardson-apollonia-s-italian-kitchen-food-menu,"Mon-Fri 11:00-21:00, Sat-Sun 16:00-21:00",more than 3 miles,yes
,Student Union Food Court,American,fast food,no,cheap,average,"Student Union, 2601 N Floyd Rd, Richardson, TX 75080",9728832111,https://new.dineoncampus.com/utdallasdining/where-to-eat,Mon-Fri 8:00-5:00,in campus,no
,Moes Southwest Grill,Mexican,restaurant,no,cheap,low,"Mail Stop SU 23, 800 W Campbell Rd, Richardson, TX 75080",9728834769,http://www.moes.com/menu?utm_source=google&utm_medium=organic&utm_campaign=menu,Mon-Fri 11:00-8:00,in campus,no
,Chick-fil-A,chicken,fast food,no,cheap,average,"Founders North, 2601 N Floyd Rd, Richardson, TX 75080",9728834769,https://www.chick-fil-a.com/locations/tx/university-of-texas-dallas/menu?utm_source=yext&utm_medium=link,Mon-Sat 6:30-22:00,in campus,no
,Panda Express,Chinese,restaurant,no,cheap,low,"Student Union, 800 W Campbell Rd, Richardson, TX 75080",9728834769,https://www.pandaexpress.com/menu/entrees,"Mon-Thu 11:00-18:00, Fri 11:00-17:00",in campus,no
,Firehouse Subs,sandwich,shop,no,cheap,low,"Student Union, 800 W Campbell Rd #2.208, Richardson, TX 75080",8882896185,https://www.firehousesubs.com/our-food/,Mon-Fri 11:00-16:00,in campus,no
,The Halal Shack,Halal,restaurant,no,cheap,low,"Student Union, 2601 N Floyd Rd, Richardson, TX 75080",9728836248,https://www.thehalalshack.com/discover-deliciousness/build-your-own,"Mon-Thu 11:00-20:00, Fri 11:00-15:00",in campus,no
,Smoothie King,smoothie,shop,no,moderate,low,"2601 N Floyd Rd, Richardson, TX 75080",9728837486,https://www.smoothieking.com/menu/smoothies,Mon-Fri 7:30-18:00,in campus,no
,The Pub at UTD,American,pub,no,cheap,low,"Student Union, 2601 N Floyd Rd, Richardson, TX 75080",9728834764,no,Mon-Fri 11:00-16:00,in campus,no
,Starbucks,coffee,shop,no,cheap,low,"842 Loop Rd SW, Richardson, TX 75080",no,https://www.starbucks.com/menu,"Mon-Thu 7:30-22:00, Fri 7:30-19:00 Sat-Sun 9:00-15:00",in campus,no
,Tradecraft Coffee + Tea Bar,coffee,shop,no,cheap,low,"800 W Campbell Rd, Richardson, TX 75080",no,no,Mon-Fri 8:00-16:00,in campus,no
,Taco Bell,taco,fast food,no,cheap,average,"2828 Rutford Ave Ste 4, Richardson, TX 75080",9728837471,https://www.tacobell.com/food,"Mon-Fri 8:00-24:00, Sat-Sun 9:00-17:00",in campus,no
,Einstein Bros. Bagels,bagel,restaurant,no,cheap,low,"800 N Loop Rd, Richardson, TX 75080",9728837470,http://www.einsteinbros.com/menu/bagels-and-shmear,Mon-Fri 7:30-16:00,in campus,no
,Dining Hall West,American,restaurant,no,moderate,low,"2770 Waterview Pkwy, Richardson, TX 75080",9728837466,https://dineoncampus.com/utdallasdining,"Mon-Thu 7:00-10:00&11:00-15:00&16:30-21:00, Fri 7:00-10:00&11:00-15:00&16:30-19:30, Sat-Sun 10:30-15:00&16:30-19:30",in campus,no
,Papa Johns,pizza,fast food,no,cheap,low,"2770 Waterview Pkwy, Richardson, TX 75080",no,https://www.papajohns.com/order/menu,"Mon-Thu 11:00-1:00, Fri-Sat 11:00-23:00, Sun 15:00-22:00",in campus,no
,Insomnia Cookies,cookie,shop,no,cheap,low,"3000 Northside Blvd Suite 300, Richardson, TX 75080",4697227557,https://insomniacookies.com/menu/2067,"Mon-Wed 11:00-1:00, Thu-Fri 11:00-3:00, Sat 12:00-3:00, Sun 12:00-1:00",near,no
,Pinto Urban Thai Diner,Thai,restaurant,no,moderate,average,"3000 Northside Blvd #400, Richardson, TX 75080",9724799979,https://pintoutd.square.site/,"Mon-Fri 11:00-21:00, Sat 12:00-21:00",near,no
,CHOPPED HALAL GRILL,Halal,restaurant,no,moderate,high,"3000 Northside Blvd #500, Richardson, TX 75080",9722352467,https://www.choppedhalalgrill.com/menus,Mon-Fri 11:00-21:00,near,no
,Fukuro,bubble tea,shop,no,cheap,high,"3000 Northside Blvd Suite 300, Richardson, TX 75080",9725289888,http://fukurotx.kwickmenu.com/,"Mon-Fri 11:00-22:00, Sun 12:00-22:00",near,yes
,Northside Drafthouse & Eatery,American,sports bar,no,cheap,high,"3000 North Blvd suite 800, Richardson, TX 75080",9722387915,http://www.northsidedrafthouse.com/,"Sun-Wed 11:00-24:00, Thu-Sun 11:00-2:00",near,no
,American Tap Room,American,bar&grill,no,moderate,average,"3000 Northside Blvd #900, Richardson, TX 75080",4698018224,https://www.atr-northside.com/menu,Mon-Fri 7:00-16:00,near,yes
,Cappuccino Italian Bistro,Italian,restaurant,yes,moderate,high,"1310 W Campbell Rd Ste 135, Richardson, TX 75080",9722411417,http://www.cappuccinoitalianbistro.com/lunch-menu/,"Mon-Fri 11:00-14:00&17:00-22:00, Sat 17:00-22:00, Sun 16:30-21:00",near,yes
,la Madeleine,French,restaurant,yes,moderate,average,"1320 W Campbell Rd, Richardson, TX 75080",9726714887,https://lamadeleine.com/locations/richardson-coit-campbell,Sun-Sat 7:00-21:00,near,yes
,Masala Wok,Indian,restaurant,no,moderate,low,"1310 W Campbell Rd #110, Richardson, TX 75080",(972) 644-9000,https://www.masalawok.com/s/order?location=11e9dee6426005efbdc20cc47a2ae638,Sun-Sat 11:00-22:00,near,no
,Old Damascus - Mediterranean Food,Mediterranean,restaurant,yes,cheap,high,"1310 W Campbell Rd #108, Richardson, TX 75080",(214) 242-9700,http://olddamascus.net/menu/,Tue-Sun 12:00-22:00,near,no
,Fat Straws Bubble Tea & Mochi Donuts,bubble tea,shop,no,cheap,high,"1251 W Campbell Rd #230, Richardson, TX 75080",4697262034,https://fatstraws.com/,Mon-Sat 8:00-21:00,near,no
,Sonny Bryan's Smokehouse,barbecue,restaurant,yes,moderate,average,"1251 W Campbell Rd Suite 240, Richardson, TX 75080",(972) 664-9494,https://sonnybryans.com/pages/menu-alternate?y_source=1_NDk3MzAyMDAtNzE1LWxvY2F0aW9uLm1lbnVfdXJs,Sun-Sat 10:30-20:30,near,no
,Cafe Gecko,American,bar&grill,yes,cheap,high,"1381 W Campbell Rd, Richardson, TX 75080",9723734359,https://cafegeckorichardson.com/,"Sun-Mon 11:00-0:00, Tue-Sat 11:00-2:00",near,no
,Mi Cocina,Mexican,restaurant,yes,moderate,average,"1370 W Campbell Rd, Richardson, TX 75080",9726716426,https://www.micocina.com/locations/in/tx/dallas/lennox/,"Sun-Thu 11:00-22:00, Fri-Sat 11:00-23:00",near,yes
,"Akaya Sushi, Izakaya & Ramen",Japanese,restaurant,yes,moderate,high,"1310 W Campbell Rd #114, Richardson, TX 75080",9727070722,http://www.akayaizakaya.com/,Sun-Sat 11:00-22:00,near,yes
,Salata,salad,shop,no,cheap,high,"2160 N Coit Rd Suite 154, Richardson, TX 75080",4693996349,https://www.salata.com/menu?y_source=1_MTUxMDkxOTktNzE1LWxvY2F0aW9uLm1lbnVfdXJs,"Sun 11:00-15:00, Mon-Sat 11:00-21:00",near,no
,UnbelievaBOWL!,Japanese,restaurant,no,cheap,high,"2160 N Coit Rd Ste 130, Richardson, TX 75080",9728072829,http://unbelievabowlasiangrill.com/,"Sun 11:00-21:00, Mon-Sat 11:00-22:00",near,no
,Chili's Grill & Bar,Tex-Mex,restaurant,yes,moderate,average,"16623 Coit Rd, Dallas, TX 75248",9728137473,https://www.chilis.com/menu?utm_source=google&utm_medium=local&utm_campaign=Chilis,"Sun-Thu 10:45-23:00, Fri-Sat 10:45-0:00",near,yes
,Corner Bakery,sandwich,shop,no,cheap,average,"7615 Campbell Rd Ste 106, Dallas, TX 75248",9724079193,https://cornerbakery.com/menu,Sun-Sat 7:00-15:00,near,no
,TeaLatte Bar,bubble tea,shop,no,cheap,high,"7517 Campbell Rd #608, Dallas, TX 75248",4698703133,http://www.tealattebarrichardson.com/,"Sun-Thu 11:00-21:00, Fri-Sat 11:00-22:00",near,no
,Sushi Rock,Japanese,restaurant,no,moderate,high,"7601 Campbell Rd #700, Dallas, TX 75248",2147749701,https://www.sushirock.com/,"Mon-Thu 11:00-14:30&19:00-21:30, Fri 11:00-14:30&19:00-22:30, Sat 12:00-22:30",near,yes
,Rockfish Seafood Grill,seafood,restaurant,yes,moderate,average,"7639 Campbell Rd #800, Dallas, TX 75248",9722678979,http://www.rockfish.com/,"Sun 11:00-21:00, Mon-Fri 11:00-21:30, Sat 11:00-22:00",near,yes
,Braum's Ice Cream & Dairy Store,ice cream,shop,yes,cheap,high,"1260 W Campbell Rd, Richardson, TX 75080",(972) 231-4791,https://www.braums.com/menu/,Sun-Sat 6:00-22:45,near,no
,Panda Express,Chinese,restaurant,no,cheap,low,"1240 W Campbell Rd, Richardson, TX 75080",(972) 662-8827,https://www.pandaexpress.com/location/campbell-rd-lake-park-way-px/menu,Sun-Sat 10:30-21:00,near,no
,Sugarless deLite,bakery,shop,yes,moderate,high,"1389 W Campbell Rd, Richardson, TX 75080",9726442000,http://sugarlessdelite.com/product-category/low-carb/fresh-bakery-low-carb/,"Sun 12:00-17:00, Mon-Fri 10:00-17:00, Sat 10:00-18:00",near,no
,Bambu Thai-Asian Cuisine,Thai,restaurant,yes,moderate,average,"1930 N Coit Rd #100, Richardson, TX 75080",9724808880,https://www.bambuasiancuisine.com/menu,"Mon-Thu 11:00-14:30&17:00-21:30, Fri 11:00-14:30&17:00-22:00, Sat 12:00-22:00",near,yes
,QDOBA Mexican Eats,Mexican,restaurant,no,cheap,average,"1930 Coit Rd, Richardson, TX 75080",9722316655,https://www.qdoba.com/menu?utm_source=Listings,"Sat-Mon 11:00-21:00, Tue-Fri 10:30-21:00",near,no
,TLC Vegan Cafe,vegan,restaurant,yes,moderate,high,"1930 N Coit Rd #140, Richardson, TX 75080",(469) 562-4001,https://www.toasttab.com/tlc-vegan-kitchen-520-shepherd-drive-suite-10,"Sun 11:00-21:00, Mon-Tue 16:00-21:00, Thu 16:00-21:00, Fri 16:00-22:00, Sat 11:00-22:00",near,no
,INO Japanese Bistro,Japanese,restaurant,yes,cheap,high,"1920 N Coit Rd #250, Richardson, TX 75080",9728893200,no,Tue-Sun 11:30-15:00&17:00-21:30,near,yes
,Whataburger,burger,fast food,no,cheap,average,"1910 N Coit Rd, Richardson, TX 75080",9722312833,https://whataburger.com/,Sun-Sat 0:00-24:00,near,no
,Jersy Mike's Subs,sandwich,shop,no,cheap,average,"Corner of Coit & Cambell, 1920 N Coit Rd, Richardson, TX 75080",9727927100,https://www.jerseymikes.com/menu,Sun-Sat 10:00-21:00,near,no
,Bagel Cafe 21,bagel,shop,no,cheap,high,"1920 N Coit Rd Suite 211, Richardson, TX 75080",4694668131,https://7f64145a-63c0-46c2-8167-935aed98ba12.filesusr.com/ugd/456284_5e7adb6568ff4375b4a8b1b04d6d71b3.pdf,"Sun 7:00-14:00, Mon-Fri 6:30-14:00, Sat 7:00-13:00",near,no
,Little Greek Fresh Grill,Greek,restaurant,yes,cheap,high,"1920 N Coit Rd Ste. 241, Richardson, TX 75080",9722349191,https://littlegreekfreshgrill.com/wp-content/uploads/2019/06/N62740-Richardson-DFW-To-Go-Menus.pdf,Sun-Sat 11:00-21:00,near,no
,Palio's Pizza Cafe,pizza,restaurant,yes,moderate,high,"1469 W Campbell Rd, Richardson, TX 75080",9722344002,https://www.paliospizzacaferichardson.com/order/,"Sun-Thu 11:00-21:00, Fri-Sat 11:00-22:00",near,yes
,Campisi's Restaurant,Italian,restaurant,yes,moderate,average,"7632 Campbell Rd #315, Dallas, TX 75248",9729312267,http://www.campisis.us/menu/,Sun-Sat 11:00-21:00,near,no
,Golden Star Donuts,donut,shop,no,cheap,high,"7632 Campbell Rd #318, Dallas, TX 75248",9722488075,http://golden-star-donuts.poi.place/,"Mon-Fri 5:00-11:00, Sat-Sun 5:00-12:30",near,no
,Angel Chicken Kitchen,chicken,restaurant,yes,cheap,high,"7632 Campbell Rd Ste 314, Dallas, TX 75248",9727070977,https://order.toasttab.com/online/angel-chicken-kitchen-7632-campbell-rd-314,Sun-Sat 11:00-21:00,near,yes
,Cindi's NY Deli & Restaurant,American,restaurant,yes,cheap,high,"7522 Campbell Rd #117, Dallas, TX 75248",9722480608,http://cindisnydeli.com/wp-content/uploads/menus/menu-cindis-full.pdf,"Sat-Mon 7:00-15:00, Tue-Fri 7:00-20:00",near,no
,Smoothie Factory,smoothie,shop,no,cheap,low,"7522 Campbell Rd #106, Dallas, TX 75248",no,https://order.smoothiefactory.com/menu/pavillion-north/,"Sun 11:00-18:00, Mon-Fri 9:00-19:00, Sat 10:00-18:00",near,no
,Hoki Poki,Hawaiian,restaurant,no,cheap,high,"581 W Campbell Rd #105, Richardson, TX 75080",9725899204,https://www.orderhokipoki.com/,Mon-Sat 11:00-21:00,near,no
,Fuzzy's Taco Shop,Tex-Mex,restaurant,yes,cheap,average,"561 W Campbell Rd, Richardson, TX 75080",9729078226,https://fuzzystacoshop.olo.com/menu/richardson?y_source=1_MjAyMTg0NjQtNzE1LWxvY2F0aW9uLm1lbnVfdXJs,Sun-Sat 7:00-22:00,near,yes
,Mezza Cafe,Mediterranean,restaurant,no,cheap,average,"581 W Campbell Rd, Richardson, TX 75080",9722312233,http://mezzacafemediterranean.com/full-menu/,"Mon-Thu 15:00-23:00, Fri-Sat 15:00-0:00",near,no
,Cairo Hookah Lounge,hookah,bar,no,moderate,average,"113, 3356, 581 W Campbell Rd, Richardson, TX 75080",(972) 238-5100,http://www.cairohookahlounge.com/,Sun-Sat 15:30-2:00,near,yes
,Campbell Donuts,donut,shop,no,cheap,high,"581 W Campbell Rd, Richardson, TX 75080",(214) 463-1605,https://www.instagram.com/campbelldonuts/,"Mon-Fri 5:00-12:00, Sat-Sun 5:00-13:00",near,no
,Ding Tea Richardson,bubble tea,shop,no,cheap,high,"581 W Campbell Rd, Richardson, TX 75080",(972) 707-7275,http://places.singleplatform.com/ding-tea-richardson/menu?ref=google,Sun-Sat 11:00-22:00,near,yes
,Olive Oil's Pizzeria,pizza,restaurant,yes,moderate,high,"581 W Campbell Rd #129, Richardson, TX 75080",9724809555,https://oliveoilspizzeria-richardson.brygid.online/zgrid/proc/site/mobile/sitep.jsp,"Sun-Thu 11:00-23:00, Fri-Sat 11:00-24:00",near,no
,Pizza Hut,pizza,shop,no,cheap,low,"515 W Campbell Rd #113, Richardson, TX 75080",9729072900,https://www.pizzahut.com/link.php?menu=pizza&utm_medium=organic&utm_source=local&utm_campaign=googlelistings&utm_content=menu&utm_term=288409,"Sun-Thu 10:00-23:00, Fri-Sat 10:00-0:00",near,no
,Jack in the Box,American,fast food,no,cheap,average,"2230 N Coit Rd, Richardson, TX 75080",9729072206,https://locations.jackinthebox.com/us/tx/richardson/2230-n-coit-rd?utm_source=google&utm_medium=local&utm_campaign=google-local,Sun-Sat 0:00-24:00,near,no
,Woody B's BBQ,barbecue,restaurant,yes,moderate,high,"1980 Nantucket Dr, Richardson, TX 75080",(214) 295-2892,http://places.singleplatform.com/woodys-bbq-26/menu?ref=google,"Tue-Fri 11:00-19:00, Sat 10:00-18:00",near,no
,The Fifth: Fireside Patio and Bar,American,restaurant,yes,moderate,high,"2701 Custer Pkwy Ste 700, Richardson, TX 75080",2147580777,https://www.thefifthtx.com/all-menus/,"Sun 10:00-21:00, Mon 16:00-21:00, Tue-Thu 11:00-21:00, Fri-Sat 11:00-22:00",near,yes
,Bunkies Donut,donut,shop,no,cheap,high,"504 W Lookout Dr, Richardson, TX 75080",9726906852,no,Sun-Sat 6:00-24:00,near,no
,Dos Arroyos Comida Casera,Mexican,restaurant,yes,moderate,high,"2701 Custer Pkwy, Richardson, TX 75080",9722318667,https://www.dosarroyoscomidacasera.com/menus,"Sun-Thu 11:00-21:00, Fri-Sat 11:00-22:00",near,yes
,Feng Cha,bubble tea,shop,yes,cheap,high,"2701 Custer Pkwy, Richardson, TX 75080",9726850202,https://orders.hazlnut.com/menu/b/Feng%20Cha%20Teahouse/n/370/p/128/g/1545,"Sun-Thu 11:30-21:30, Fri-Sat 11:30-22:30",near,yes
,Shady's Burger & Brewhaha,burger,restaurant,yes,moderate,high,"2701 Custer Pkwy #915, Richardson, TX 75080",2144842689,https://shadysburgers.com/menu/,"Sun-Wed 11:00-21:00, Thu-Sat 11:00-22:00",near,yes
,Eiland Coffee,coffee,shop,yes,cheap,high,"2701 Custer Pkwy Suite 917, Richardson, TX 75080",4693720818,http://www.eilandcoffee.com/,"Sun 8:00-14:00, Mon-Fri 7:00-20:00, Sat 8:00-20:00",near,no
,Sky Rocket Burger,burger,restaurant,yes,cheap,high,"7877 Frankford Rd #101B, Dallas, TX 75252",4698637090,https://www.skyrocketburger.com/gallery,Tue-Sat 11:00-21:00,near,no
,Shuck N Jive,Cajun,restaurant,yes,cheap,average,"401 W President George Bush Hwy #126, Richardson, TX 75080",(469) 665-8798,https://zingmyorder.com/restaurants/shuck-n-jive-401-president-george-bush-126,Sun-Sat 11:00-2:00,more than 3 miles,no
,Rodeo Goat,hamburger,restaurant,yes,moderate,high,"641 Powell Ln, Plano, TX 75075",(469) 409-4628,http://rodeogoat.com/plano/,"Sun-Thu 11:00-22, Fri-Sat 11:00-23:00",more than 3 miles,no
,Great Wall Super Buffet,Chinese,buffet,yes,cheap,average,"901 W Plano Pkwy, Plano, TX 75075",(972) 578-8887,no,"Mon-Fri 11:00-21:00, Sat-Sun 11:00-21:30",more than 3 miles,no
,Olive Garden Italian Restaurant,Italian,restaurant,yes,moderate,high,"700 N Central Expy, Plano, TX 75074",(972) 578-8576,https://www.olivegarden.com/menu/classic-entrees?setRestaurant=1284&cmpid=br:og_ag:ie_ch:loc_ca:OGGMB_sn:gmb_gt:plano-tx-1284_pl:menu_rd:1214,Sun-Sat 11:00-22:00,more than 3 miles,yes
,El Fenix,Mexican,restaurant,yes,moderate,average,"810 N Central Expy #8, Plano, TX 75074",(972) 578-1020,https://www.elfenix.com/location/el-fenix-plano/,Sun-Sat 11:00-22:00,more than 3 miles,yes
,Black Rifle Coffee Company,coffee,shop,no,cheap,high,"901 N Central Expy, Plano, TX 75075",(210) 890-5402,https://www.blackriflecoffee.com/pages/plano-retail,Sun-Sat 5:00-20:00,more than 3 miles,yes
,Lima Taverna,Peruvian,restaurant,yes,moderate,average,"621 W Plano Pkwy #247, Plano, TX 75075",(469) 969-2034,https://www.limatavernatogo.com/,"Tue-Sat 11:00-22:00, Sun 11:00-21:00",more than 3 miles,yes
,McAlister's Deli,sandwich,shop,yes,moderate,high,"701 N Central Expy, Plano, TX 75075",(469) 467-6400,https://www.mcalistersdeli.com/menu?utm_source=google&utm_medium=organic&utm_campaign=menu,Sun-Sat 10:00-21:00,more than 3 miles,no
,Hooters,American,sports bar,no,moderate,average,"720 Central Expy, Plano, TX 75074",(972) 422-9464,https://order.hooters.com/menu/plano?utm_medium=organic&utm_source=google&utm_campaign=gmb-dfw-north&utm_content=plano&utm_term=menu-cta,"Sun 11:00-23:00, Mon-Thu 11:00-0:00, Fri-Sat 11:00-1:00",more than 3 miles,no
,Chocolate Angel Cafe & Tea Room,coffee,shop,yes,moderate,high,"800 Central Expy, Plano, TX 75074",(972) 904-9597,http://www.chocolateangel.com/,Tue-Sat 11:00-16:00,more than 3 miles,yes
,Simon's Sushi,sushi,restaurant,yes,moderate,high,"810 N Central Expy UNIT 110, Plano, TX 75074",(972) 881-0818,https://m.facebook.com/pages/category/Sushi-Restaurant/Simons-Sushi-91793981244/,"Sun 17:30-21:00, Mon-Thu 11:30-14:00&17:30-21:00, Fri 11:30-14:00&17:30-21:30, Sat 17:30-21:30",more than 3 miles,yes
,Valerie's Taco Shop,taco,shop,no,cheap,average,"1130 N Central Expy, Plano, TX 75074",(469) 366-9099,no,"Sun 10:00-20:00, Mon-Fri 7:00-22:00, Sat 8:30-22:00",more than 3 miles,no
,Chipotle Mexican Restaurant,Mexican,restaurant,no,cheap,average,"1009 N Central Expy, Plano, TX 75075",(972) 423-5115,https://www.chipotle.com/menu,Sun-Sat 10:45-22:00,more than 3 miles,no
,Tokyo Harbor,Japanese,restaurant,yes,moderate,high,"1025 N Central Expy #100, Plano, TX 75075",(469) 573-8688,https://www.mealage.com/m.jsp?id=7207,"Sun 12:00-22:00, Tue-Thu 11:00-15:00&16:30-22:00, Fri 11:00-15:00&16:30-23:30, Sat 12:00-23:00",more than 3 miles,yes
,BJ's Restaurant & Brewhouse,American,restaurant,yes,moderate,average,"1101 N Central Expy, Plano, TX 75075",(972) 424-4262,https://www.bjsrestaurants.com/menu,"Sun-Thu 11:00-23:00, Fri-Sat 11:00-0:00",more than 3 miles,yes
,Einstein Bros. Bagels,bagel,shop,yes,cheap,low,"1201 Central Expy Ste 1, Plano, TX 75075",(972) 881-2166,http://www.einsteinbros.com/menu/bagels-and-shmear,Sun-Sat 5:00-14:00,more than 3 miles,no
,la Madeleine,French,restaurant,yes,moderate,average,"520 W 15th St, Plano, TX 75075",(972) 398-3002,https://lamadeleine.com/locations/plano-collin-creek,Sun-Sat 7:00-21:00,more than 3 miles,yes
,Raising Cane's Chicken Fingers,chicken,fast food,yes,cheap,high,"1000 W 15th St, Plano, TX 75075",(972) 422-7084,http://places.singleplatform.com/raising-canes-chicken-fingers-26/menu?ref=google,"Sun-Thu 10:00-0:00, Fri-Sat 9:00-1:00",more than 3 miles,no
,Boston Market,American,restaurant,yes,cheap,low,"701 W 15th St, Plano, TX 75075",(972) 578-7997,https://www.bostonmarket.com/menu/,Sun-Sat 10:30-22:00,more than 3 miles,no
,Potbelly,sandwich,shop,yes,cheap,high,"601 W 15th St, Plano, TX 75075",(469) 241-9056,https://www.potbelly.com/locations/texas/collin-creek,Sun-Sat 10:00-22:00,more than 3 miles,no
,Norma's Caf??,American,restaurant,yes,moderate,high,"605 W 15th St, Plano, TX 75075",(214) 440-2748,http://www.normascafe.com/menu,Sun-Sat 7:00-20:00,more than 3 miles,yes
,Sticky Rice - Richardson,Laotian,restaurant,yes,cheap,high,"120 W CityLine Dr #500, Richardson, TX 75082",(972) 803-5962,https://stickyricetx.com/cityline,"Sun 12:00-21:00, Mon-Fri 11:00-15:00, 17:00-22:00, Sat 12:00-22:00",more than 3 miles,no
,Good Union Urban BBQ,barbecue,restaurant,yes,moderate,high,"1150 State St #150, Richardson, TX 75082",(469) 913-4890,https://www.goodunionbbq.com/menu,"Sun 11:00-20:00, Mon-Thu 7:00-21:00, Fri 7:00-22:00, Sat 11:00-22:00",more than 3 miles,yes
,Fernando's Mexican Cuisine,Mexican,restaurant,yes,moderate,high,"1250 State St #100, Richardson, TX 75082",(972) 234-1730,http://fernandostexmex.com/wp-content/uploads/2018/02/FernandosCityLineMenu.pdf,"Sun 10:00-21:00, Mon-Wed 11:00-21:00, Thu-Fri 11:00-21:30, Sat 10:00-21:30",more than 3 miles,yes
,Oni Ramen,ramen,restaurant,no,moderate,average,"1250 State Street St, 900, Richardson, TX 75082",(214) 613-6590,http://www.oniramen.com/,"Sun-Wed 11:00-22:00, Thu-Sat 11:00-23:00",more than 3 miles,no
,Jasper's Richardson,American,restaurant,yes,expensive,high,"1251 State St #950, Richardson, TX 75082",(214) 716-2610,http://www.jaspersrichardson.com/menu-1?y_source=1_MjY0ODYwODktNzE1LWxvY2F0aW9uLm1lbnVfdXJs,"Sun 11:00-15:00, Tue-Sat 16:00-21:00",more than 3 miles,yes
,Chick-fil-A,chicken,fast food,yes,cheap,high,"1400 E Renner Rd, Richardson, TX 75082",(972) 665-7064,https://www.chick-fil-a.com/locations/tx/cityline/menu?utm_source=yext&utm_medium=link,Mon-Sat 6:00-22:00,more than 3 miles,no
,Piada Italian Street Food,Italian,restaurant,no,cheap,high,"1551 E Renner Rd #800, Richardson, TX 75082",(972) 807-9087,https://mypiada.com/menu/richardson,Sun-Sat 10:45-22:00,more than 3 miles,no
,Tiff's Treats Cookie Delivery,cookie,shop,no,cheap,high,"1417 E Renner Rd Bldg C, Suite 340, Richardson, TX 75082",(972) 850-5900,https://www.cookiedelivery.com/Menu.aspx,"Mon-Fri 9:00-22:00, Sat-Sun 10:00-22:00",more than 3 miles,no
,Luna Grill Richardson,Mediterranean,restaurant,yes,moderate,average,"1419 E Renner Rd Suite 510, Richardson, TX 75082",(469) 677-6812,https://lunagrill.com/menu/?y_source=1_MTQ0NDgwNzMtNzE1LWxvY2F0aW9uLm1lbnVfdXJs,Sun-Sat 11:00-21:00,more than 3 miles,no
,Smashburger,hamburger,restaurant,yes,moderate,low,"1425 E Renner Rd, Richardson, TX 75082",(214) 646-1297,https://order.smashburger.com/menu/1501-renner-plano,"Sun-Thu 10:30-21:30, Fri-Sat 10:30-22:00",more than 3 miles,no
,Pho Is For Lovers,Vietnamese,restaurant,yes,moderate,high,"1551 E Renner Rd #820, Richardson, TX 75082",(469) 620-3910,http://www.phoisforlovers.net/downloads/PIFL-menu-cityline.pdf,Sun-Sat 11:00-20:00,more than 3 miles,yes
,Bruncheon,brunch,restaurant,yes,cheap,average,"1551 E Renner Rd #830, Richardson, TX 75082",(469) 399-0846,https://www.bruncheonbreakfast.com/,"Mon-Fri 7:00-15:00, Sat-Sun 7:00-16:00",more than 3 miles,yes
,Starbucks,coffee,shop,no,cheap,high,"1405 E Renner Rd, Richardson, TX 75082",(469) 992-4929,http://places.singleplatform.com/starbucks-11782/menu?ref=google,"Mon-Fri 5:00-21:00, Sat-Sun 5:30-21:00",more than 3 miles,no
,Texas,steak,restaurant,no,expensive,high,"3609 Shire Blvd, Richardson, TX 75082",(972) 664-9975,https://www.thesonoftexas.com/menu,"Mon-Thu 16:00-21:00, Fri-Sat 16:00-22:00",more than 3 miles,yes
,Sweetwaters Coffee & Tea,coffee,shop,no,cheap,high,"3613 Shire Blvd #110, Richardson, TX 75082",(469) 250-7975,https://www.sweetwaterscafe.com/menu/coffee/,"Sun 7:30-19:00, Mon-Thu 6:30-20:00, Fri 6:30-21:00, Sat 7:30-21:00",more than 3 miles,no
,Liberty Burger Richardson,hamburger,restaurant,yes,moderate,high,"3617 Shire Blvd, Richardson, TX 75082",(469) 863-7111,https://www.givemelibertyburger.com/grubs-suds,Sun-Sat 11:00-21:00,more than 3 miles,no
,Silver Fox,steak,restaurant,yes,expensive,high,"3650 Shire Blvd, Richardson, TX 75082",(972) 423-8121,http://places.singleplatform.com/silver-fox-steakhouse-richardson/menu?ref=google,Mon-Sat 17:00-22:00,more than 3 miles,yes
,Jersey Mike's Subs,sandwich,shop,no,cheap,average,"2040 E President George Bush Hwy Suite130, Richardson, TX 75082",(972) 423-0031,https://www.jerseymikes.com/menu,Sun-Sat 10:00-21:00,more than 3 miles,no
,Gillespie's Tavern at the Shire,Irish,pub,yes,moderate,high,"3600 Shire Blvd #112, Richardson, TX 75082",(469) 367-4651,https://gillespiestavern.com/richardson-gillespie-s-tavern-at-the-shire-food-menu,"Sun 10:30-15:00, Mon-Wed 11:00-23:00, Thu-Fri 11:00-2:00, Sat 16:00-2:00",more than 3 miles,yes
,Anaya's Seafood - Richardson,seafood,restaurant,yes,moderate,high,"3600 Shire Blvd # 100, Richardson, TX 75082",(214) 501-2540,https://www.anayaseafood.com/,"Sun 10:00-21:00, Mon-Thu 11:00-21:00, Fri 11:00-22:00, Sat 10:00-22:00",more than 3 miles,yes
,Thai's Thumbz Urban Kitchen,Thai,restaurant,yes,moderate,high,"3610 Shire Blvd, Richardson, TX 75082",(972) 423-2444,http://www.thaisthumbz.com/,"Mon-Thu 11:00-14:00&16:00-21:00, Fri 11:00-14:00&16:00-22:00, Sat 12:00-22:00",more than 3 miles,yes
,Tandoori Pizza & Grill,Indian,restaurant,yes,cheap,high,"3601 N Jupiter Rd #450, Richardson, TX 75082",(972) 437-0000,https://www.tandooripizza.net/s/order?location=11eb050ed5e3ea9ab101ac1f6bbbcc9c,"Mon-Thu 11:00-20:00, Fri 11:00-21:00, Sat 12:00-21:00",more than 3 miles,no
,Taqueria Tepito,Mexican,restaurant,no,cheap,high,"3601 N Jupiter Rd #100, Richardson, TX 75082",(469) 626-0047,https://taqueriatepitorichardson.com/,Sun-Sat 11:00-22:00,more than 3 miles,no
,Hot Pancakes,breakfast,restaurant,yes,cheap,high,"3601 N Jupiter Rd Suite 200, Richardson, TX 75082",(972) 423-1603,https://hotpancakestx.com/hotpancakes/order?utm_source=google,"Mon-Fri 6:00-14:00, Sat-Sun 7:00-14:00",more than 3 miles,yes
,Porta Di Roma Italian Restaurant & Bar,Italian,restaurant,no,moderate,average,"2301 Performance Dr, Richardson, TX 75082",(972) 685-5500,http://places.singleplatform.com/porta-di-roma-1/menu?ref=google,"Mon-Fri 11:00-14:00, 17:00-22:00, Sat 15:00-22:00",more than 3 miles,yes
,Hat Creek Burger Company,hamburger,restaurant,yes,moderate,high,"2311 N Central Expy, Richardson, TX 75080",(469) 729-0771,https://hatcreekburgers.com/full-menu,Sun-Sat 11:00-21:00,more than 3 miles,no
,Ali Baba Mediterranean,Mediterranean,buffet,yes,moderate,high,"2103 N Central Expy, Richardson, TX 75080",(972) 437-1222,http://alibabamedgrill.com/dinner/?utm_source=GMB&utm_medium=organic&utm_campaign=GMB,"Sun 11:00-15:00&17:00-20:00, Mon-Thu 11:00-14:30&17:00-20:00, Fri 11:00-14:30&17:00-21:00, Sat 11:00-15:00&17:00-21:00",more than 3 miles,yes
,Sushi Sake,sushi,restaurant,yes,moderate,high,"2150 N Collins Blvd, Richardson, TX 75080",(972) 470-0722,http://places.singleplatform.com/sushi-sake-3/menu?ref=google,"Mon-Fri 11:30-14:00&17:30-22:00, Sat 17:30-22:00",more than 3 miles,yes
,Cafe Brazil,coffee,shop,yes,cheap,average,"2071 N Central Expy, Richardson, TX 75080",(972) 783-9011,http://cafebrazil.com/wp-content/uploads/2019/01/clean-Cafe-Brazil-Tri-Fold-Menu.pdf,Sun-Sat 0:00-0:00,more than 3 miles,yes
,Palapas Seafood Bar,seafood,bar,yes,moderate,low,"2100 Alamo Rd suite s, Richardson, TX 75080",(972) 707-8755,http://places.singleplatform.com/palapas-seafood-bar-0/menu?ref=google,"Mon-Thu 11:30-21:00, Fri-Sun 11:30-23:00",more than 3 miles,yes
,Burning Rice,Korean,restaurant,yes,moderate,high,"2069 N Central Expy Suite 200, Richardson, TX 75080",(469) 609-6455,https://www.burningrice.com/menu,Sun-Sat 11:40-21:00,more than 3 miles,no
,Taqueria & Tamaleria Nuevo Le??n,Mexican,restaurant,yes,moderate,high,"2069 N Central Expy #100, Richardson, TX 75080",(972) 685-4811,http://taquerianuevoleon.com/,Sun-Sat 7:00-22:00,more than 3 miles,no
,Kung Fu Tea,bubble tea,shop,no,cheap,average,"2067 N Central Expy #100, Richardson, TX 75080",(972) 907-1578,https://kungfutea.com/,"Sun-Thu 11:30-21:30, Fri-Sat 11:30-22:00",more than 3 miles,no
,Kolache Factory,breakfast,restaurant,no,cheap,high,"2051 N Central Expy STE 101, Richardson, TX 75080",(214) 272-9204,https://locations.kolachefactory.com/kolache-factory-747990490f29,"Mon-Sat 6:00-14:00, Sun 7:00-14:00",more than 3 miles,no
,Taco Cabana,taco,restaurant,no,cheap,low,"2041 N Central Expy, Richardson, TX 75080",(972) 238-1141,https://www.tacocabana.com/menu,Sat-Sun 6:00-22:00,more than 3 miles,no
,Fox & Hound - Richardson,American,pub,yes,moderate,average,"112 W Campbell Rd, Richardson, TX 75080",(972) 437-4225,http://www.foxandhound.com/locations/richardson/?menu,Sat-Sun 11:00-2:00,more than 3 miles,yes
,The Great Outdoors Sub Shop,sandwich,shop,no,cheap,high,"2005 Alamo Rd, Richardson, TX 75080",(972) 437-5038,https://greatoutdoorsubs.com/menu/,"Mon-Fri 10:00-20:00, Sat-Sun 10:00-19:30",more than 3 miles,no
,Velvet Taco,taco,restaurant,yes,moderate,high,"102 W Campbell Rd, Richardson, TX 75080",(469) 445-2666,http://www.velvettaco.com/location/richardson/,"Sun-Thu 11:00-23:00, Fri-Sat 11:00-2:00",more than 3 miles,yes
,Chick-fil-A,chicken,fast food,no,cheap,high,"106 W Campbell Rd, Richardson, TX 75080",(972) 479-8930,https://www.chick-fil-a.com/locations/tx/cityline/menu?utm_source=yext&utm_medium=link,Mon-Sat 6:00-22:00,more than 3 miles,no
,McDonald's,hamburger,fast food,yes,cheap,low,"170 W Campbell Rd, Richardson, TX 75080",(972) 690-9821,https://www.mcdonalds.com/us/en-us/full-menu.html?cid=RF:YXT_LS:SI::MGBM,Sun-Sat 0:00-0:00,more than 3 miles,no
,Starbucks,coffee,shop,no,moderate,average,"101 W Campbell Rd, Richardson, TX 75080",(972) 231-1371,http://www.starbucks.com/menu,"Mon-Fri 5:00-23:00, Sat-Sun 5:30-23:00",more than 3 miles,no
,Potbelly,sandwich,shop,no,cheap,high,"101 W Campbell Rd, Richardson, TX 75080",(972) 235-5848,https://www.potbelly.com/locations/texas/central-campbell,"Sun-Thu 10:00-21:00, Fri-Sat 10:00-22:00",more than 3 miles,no
,Burger King,hamburger,restaurant,no,cheap,low,"177 W Campbell Rd, Richardson, TX 75080",(972) 238-7891,https://www.bk.com/menu,Sun-Sat 6:00-0:00,more than 3 miles,no
,Austin's Grill,American,bar&grill,yes,moderate,average,"1655 N Central Expy, Richardson, TX 75080",(972) 238-1900,http://places.singleplatform.com/austins-grill/menu?ref=google,Sun-Sat 0:00-0:00,more than 3 miles,yes
,Chipotle Mexican Grill,Mexican,restaurant,no,cheap,average,"283 W Campbell Rd, Richardson, TX 75080",(972) 907-1712,https://www.chipotle.com/menu,Sun-Sat 10:45-22:00,more than 3 miles,no
,Jimmy John's,sandwich,shop,no,cheap,low,"285 W Campbell Rd, Richardson, TX 75080",(972) 334-6938,https://locations.jimmyjohns.com/tx/richardson/sandwiches-1229.html?utm_source=google%20my%20business&utm_medium=organic&utm_campaign=website%20link,Sun-Sat 10:30-21:00,more than 3 miles,no
,Dimassi's Mediterranean Buffet,Mediterranean,buffet,yes,moderate,high,"180 W Campbell Rd, Richardson, TX 75080",(972) 250-2000,http://places.singleplatform.com/dimassis-mediterranean-buffet-2/menu?ref=google,"Sun-Thu 11:00-21:00, Fri-Sat 11:00-22:00",more than 3 miles,no
,CAVA,Mediterranean,restaurant,no,cheap,average,"222 W Campbell Rd, Richardson, TX 75080",(469) 809-7981,https://cava.com/menu,Sun-Sat 10:45-22:00,more than 3 miles,no
,First Watch,breakfast,restaurant,no,moderate,high,"202 W Campbell Rd Ste 202, Richardson, TX 75080",(469) 613-2727,https://storage.googleapis.com/firstwatch-web/FWR0322_July22Menu_ADA_4R.pdf,Sun-Sat 7:00-14:30,more than 3 miles,no
,Below 40 Fresh Kitchen,Japanese,restaurant,no,cheap,average,"220 W Campbell Rd, Richardson, TX 75080",(972) 807-2222,http://below40freshkitchen.com/location/richardson-2/,Mon-Sat 11:00-21:00,more than 3 miles,yes
,Freebirds World Burrito,Mexican,restaurant,yes,cheap,average,"238 W Campbell Rd, Richardson, TX 75080",(972) 907-9999,https://www.freebirds.com/,Sun-Sat 10:30-21:30,more than 3 miles,yes
,Mumtaz Indian Restaurant,Indian,buffet,yes,cheap,average,"216 W Campbell Rd, Richardson, TX 75080",(214) 575-2100,https://order.online/store/MumtazIndianRestaurant-17501,"Sun 11:30-15:00&17:30-22:00, Mon-Thu 11:00-14:30&17:30-22:00, Fri 11:00-14:30&17:30-22:30, Sat 11:30-15:00&17:30-22:30",more than 3 miles,yes
,La La Land Kind Cafe,coffee,shop,no,cheap,high,"242 W Campbell Rd, Richardson, TX 75080",(469) 248-2486,http://lalalandkindcafe.com/,Sun-Sat 6:30-20:00,more than 3 miles,no
,Casanova Hookah Lounge,hookah,bar,no,moderate,average,"2050 N Collins Blvd #101, Richardson, TX 75080",(903) 413-9405,no,"Sun-Thu 15:00-2:00, Fri-Sat 15:00-4:30",more than 3 miles,no
,Snappy Salads Richardson,salad,shop,yes,moderate,high,"320 W Campbell Rd, Richardson, TX 75080",(972) 792-7627,https://www.snappysalads.com/menus/,"Sun 11:00-20:00, Mon-Sat 11:00-21:00",more than 3 miles,no
,Junbi Macha,tea,shop,no,cheap,high,"326 W Campbell Rd, Richardson, TX 75080",(469) 779-7423,http://places.singleplatform.com/junbi-matcha/menu?ref=google,Sun-Sat 10:00-22:00,more than 3 miles,no
,Smoothie King,smoothie,shop,no,moderate,high,"342 W Campbell Rd, Richardson, TX 75080",(972) 699-1039,http://smoothieking.com/menu,"Sun 8:00-19:45, Mon-Fri 6:00-21:45, Sat 7:00-20:45",more than 3 miles,no
,SPIN! Pizza,pizza,restaurant,yes,moderate,high,"348 W Campbell Rd, Richardson, TX 75080",(972) 235-7746,https://order.myguestaccount.com/menu/5ea8300f902ad5241c7b240a,Sun-Sat 11:00-21:00,more than 3 miles,yes
,Masala Twist Richardson,Indian,buffet,yes,moderate,high,"955 E Campbell Rd #200, Richardson, TX 75081",(972) 210-0744,https://masalatwistusa.com/,"Sun 12:00-15:00&18:00-21:30, Tue-Thu 11:30-14:30&17:30-21:30, Fri 11:30-14:30&17:30-20:30, Sat 12:00-15:00&18:00-22:30",more than 3 miles,yes
,Pho OK!,Vietnamese,restaurant,no,cheap,high,"955 E Campbell Rd #100, Richardson, TX 75081",no,http://places.singleplatform.com/pho-ok-0/menu?ref=google,"Mon-Fri 11:00-19:00, Sat 11:00-17:00",more than 3 miles,no
,Wendy's,hamburger,fast food,no,cheap,average,"935 E Campbell Rd, Richardson, TX 75081",(972) 528-4857,https://menu.wendys.com/en_US/categories/?utm_source=Yext&utm_medium=Google_My_Business&utm_campaign=Local_Search&utm_content=EN_US,"Sun 8:00-1:00, Mon-Wed 6:30-12:00, Thu-Fri 6:30-1:00, Sat 6:30-0:00",more than 3 miles,no
